{"GOOG":[{"Fee":4.0,"Quantity":11.49,"Operation":"BUY","Date":"2022-11-02"},{"Fee":2.0,"Quantity":123.0,"Operation":"BUY","Date":"2022-11-07"}],"TSLA":[{"Fee":4.0,"Quantity":100,"Operation":"BUY","Date":"2020-10-15"},{"Fee":3.0,"Quantity":100,"Operation":"BUY","Date":"2020-11-13"}],"IBM":[{"Fee":2.0,"Quantity":100,"Operation":"BUY","Date":"2020-10-12"},{"Fee":3.0,"Quantity":20,"Operation":"SELL","Date":"2021-10-12"},{"Fee":3.0,"Quantity":100,"Operation":"BUY","Date":"2022-11-03"},{"Fee":1.0,"Quantity":100,"Operation":"SELL","Date":"2022-11-04"},{"Fee":4.0,"Quantity":7.31,"Operation":"BUY","Date":"2022-11-02"}]}
