{
  "MSFT": [
    {
      "Fee": 3.0,
      "Quantity": 1.81,
      "Operation": "BUY",
      "Date": "2020-10-12"
    },
    {
      "Fee": 2.0,
      "Quantity": 4.14,
      "Operation": "BUY",
      "Date": "2022-11-17"
    }
  ],
  "GOOG": [
    {
      "Fee": 3.0,
      "Quantity": 0.51,
      "Operation": "BUY",
      "Date": "2020-10-12"
    },
    {
      "Fee": 2.0,
      "Quantity": 0.51,
      "Operation": "BUY",
      "Date": "2020-10-12"
    },
    {
      "Fee": 2.0,
      "Quantity": 10.15,
      "Operation": "BUY",
      "Date": "2022-11-17"
    },
    {
      "Fee": 18.0,
      "Quantity": 11.04,
      "Operation": "BUY",
      "Date": "2022-11-08"
    },
    {
      "Fee": 18.0,
      "Quantity": 10.15,
      "Operation": "BUY",
      "Date": "2022-11-11"
    },
    {
      "Fee": 18.0,
      "Quantity": 10.23,
      "Operation": "BUY",
      "Date": "2022-11-14"
    },
    {
      "Fee": 18.0,
      "Quantity": 9.97,
      "Operation": "BUY",
      "Date": "2022-11-17"
    },
    {
      "Fee": 18.0,
      "Quantity": 10.04,
      "Operation": "BUY",
      "Date": "2022-11-20"
    },
    {
      "Fee": 18.0,
      "Quantity": 9.94,
      "Operation": "BUY",
      "Date": "2022-11-23"
    },
    {
      "Fee": 18.0,
      "Quantity": 10.06,
      "Operation": "BUY",
      "Date": "2022-11-26"
    },
    {
      "Fee": 18.0,
      "Quantity": 10.29,
      "Operation": "BUY",
      "Date": "2022-11-29"
    }
  ],
  "IBM": [
    {
      "Fee": 3.0,
      "Quantity": 6.29,
      "Operation": "BUY",
      "Date": "2020-10-12"
    }
  ]
}
